{
  "random_state": 42,
  "data": {
    "records": 2101,
    "feature_count": 78,
    "feature_names": [
      "age",
      "year_numeric",
      "cgpa_numeric",
      "gender_Female",
      "gender_Male",
      "course_Accounting",
      "course_Ala",
      "course_Architecture",
      "course_Banking Studies",
      "course_Bcs",
      "course_Benl",
      "course_Biomedical Science",
      "course_Biotechnology",
      "course_Bit",
      "course_Business Administration",
      "course_Business Analytics",
      "course_Business Economics",
      "course_Chemistry",
      "course_Communication",
      "course_Computer Engineering",
      "course_Computer Science",
      "course_Cts",
      "course_Data Science",
      "course_Diploma Nursing",
      "course_Diploma Tesl",
      "course_Economics",
      "course_Econs",
      "course_Electrical & Electronic Engineering",
      "course_Engin",
      "course_Engine",
      "course_Engineering",
      "course_English",
      "course_Enm",
      "course_Finance",
      "course_Fiqh",
      "course_Fiqh Fatwa",
      "course_Human Resource Management",
      "course_Human Resources",
      "course_Human Sciences",
      "course_Industrial & Production Engineering",
      "course_Innovation And Entrepreneurship Development",
      "course_International Business",
      "course_Investment Management",
      "course_Irkhs",
      "course_Islamic Education",
      "course_It",
      "course_Kenms",
      "course_Kirkhs",
      "course_Koe",
      "course_Kop",
      "course_Law",
      "course_Laws",
      "course_Malcom",
      "course_Management",
      "course_Management Information Systems",
      "course_Marine Science",
      "course_Marketing",
      "course_Mathemathics",
      "course_Mathematics",
      "course_Media & Mass Communication",
      "course_Mhsc",
      "course_Network Engineering",
      "course_Nursing",
      "course_Operations And Supply Chain Management",
      "course_Pendidikan Islam",
      "course_Physics",
      "course_Psychology",
      "course_Radiography",
      "course_Social Science",
      "course_Taasl",
      "course_Tourism And Hospitality Management",
      "course_Usuluddin",
      "marital_status_No",
      "marital_status_Yes",
      "depression",
      "anxiety",
      "panic",
      "specialist"
    ]
  },
  "preprocessing": {
    "numeric_features": [
      "age",
      "year_numeric",
      "cgpa_numeric"
    ],
    "categorical_features": [
      "gender",
      "course",
      "marital_status"
    ],
    "binary_features": [
      "depression",
      "anxiety",
      "panic",
      "specialist"
    ],
    "scaler": "StandardScaler",
    "encoder": "OneHotEncoder(handle_unknown='ignore')"
  },
  "autoencoder": {
    "embedding_dim": 8,
    "epochs": 60,
    "batch_size": 64,
    "learning_rate": 0.001,
    "optimizer": "Adam",
    "loss": "MSELoss"
  },
  "clustering": {
    "method": "KMeans",
    "min_clusters": 2,
    "max_clusters": 6,
    "selection_metric": "silhouette_score"
  },
  "train_test_split": {
    "test_size": 0.2,
    "stratify": "depression"
  },
  "models": {
    "linear_regression": {
      "library": "sklearn",
      "target": "cgpa_numeric"
    },
    "naive_bayes": {
      "type": "GaussianNB"
    },
    "random_forest": {
      "params": {
        "n_estimators": 200,
        "random_state": 42,
        "class_weight": "balanced"
      },
      "target": "risk_labels"
    }
  }
}