{
  "clustering_scores": {
    "2": 0.21805652976036072,
    "3": 0.17392794787883759,
    "4": 0.15250813961029053,
    "5": 0.16324888169765472,
    "6": 0.162532240152359
  },
  "model_results": {
    "linear_regression": {
      "mse": 0.21971296255700914,
      "r2": -0.024564285655099605,
      "intercept": 3.3068483345768622,
      "coefficients": {
        "age": -0.003283871304180931,
        "year_numeric": 0.01306545384836405,
        "gender_Female": 0.0010560353298874614,
        "gender_Male": -0.0010560353298892655,
        "course_Accounting": 0.04388947045150646,
        "course_Ala": -0.5439711045752462,
        "course_Architecture": -0.06765972219782188,
        "course_Banking Studies": -1.2045919817182948e-14,
        "course_Bcs": 0.40609779634685494,
        "course_Benl": 0.0008527317858040839,
        "course_Biomedical Science": -0.583315322600433,
        "course_Biotechnology": -2.28824240338082,
        "course_Bit": 0.02508013546818188,
        "course_Business Administration": -0.020526738761390897,
        "course_Business Analytics": 0.025490839533110213,
        "course_Business Economics": -0.03384815908107554,
        "course_Chemistry": 0.0030213467761750212,
        "course_Communication": 0.4074079642586529,
        "course_Computer Engineering": -0.04441609272169878,
        "course_Computer Science": 0.10329690385861229,
        "course_Cts": 1.4155343563970746e-15,
        "course_Data Science": -0.108109110297643,
        "course_Diploma Nursing": -3.166217288352868e-14,
        "course_Diploma Tesl": 0.4421753470478979,
        "course_Economics": -0.052676838663193004,
        "course_Econs": 0.5145759366112037,
        "course_Electrical & Electronic Engineering": -0.15319263983168574,
        "course_Engin": 0.46682941034903114,
        "course_Engine": 0.4756154289288936,
        "course_Engineering": 0.038269516321768476,
        "course_English": -0.052393732036326024,
        "course_Enm": -0.12070648962283093,
        "course_Finance": -0.10734641410444665,
        "course_Fiqh": -2.31128504353242,
        "course_Fiqh Fatwa": -0.03824240338084728,
        "course_Human Resource Management": 0.023557614244807512,
        "course_Human Resources": -0.5266851764401153,
        "course_Human Sciences": -0.05896547310982056,
        "course_Industrial & Production Engineering": -0.013430947147117567,
        "course_Innovation And Entrepreneurship Development": 0.009126856209537765,
        "course_International Business": -0.028689257452336303,
        "course_Investment Management": -0.019375466168463473,
        "course_Irkhs": 0.4417189049025104,
        "course_Islamic Education": 0.22442681727590164,
        "course_It": -0.07052270005054573,
        "course_Kenms": 3.774758283725532e-15,
        "course_Kirkhs": 0.48168027301930516,
        "course_Koe": 0.0726038618955954,
        "course_Kop": -0.06008650281131345,
        "course_Law": 0.006025893674967531,
        "course_Laws": 0.4344772999494356,
        "course_Malcom": 0.5248628091009317,
        "course_Management": -0.05191470754915416,
        "course_Management Information Systems": -0.0817928780543255,
        "course_Marine Science": 0.39817030774055395,
        "course_Marketing": 0.06698785742283414,
        "course_Mathemathics": 4.285460875053104e-14,
        "course_Mathematics": -0.00838280102718092,
        "course_Media & Mass Communication": 0.018472536866702582,
        "course_Mhsc": -0.09675031953257662,
        "course_Network Engineering": 0.07648733398321723,
        "course_Nursing": 0.4061376098076276,
        "course_Operations And Supply Chain Management": 0.053316300941424144,
        "course_Pendidikan Islam": 0.19858404899350793,
        "course_Physics": 0.020786927013271284,
        "course_Psychology": 0.5000150485842397,
        "course_Radiography": -0.006857441160851685,
        "course_Social Science": 0.1529204628577796,
        "course_Taasl": 0.4558446446484103,
        "course_Tourism And Hospitality Management": 0.01919484742184982,
        "course_Usuluddin": 0.01138480099957323,
        "marital_status_No": -0.03320483379074668,
        "marital_status_Yes": 0.03320483379074579,
        "depression": -0.03653036802000287,
        "anxiety": 0.017984919588166504,
        "panic": 0.03074068725001594,
        "specialist": -0.025618394056892035
      }
    },
    "naive_bayes": {
      "accuracy": 1.0,
      "f1_macro": 1.0,
      "confusion_matrix": [
        [
          273,
          0
        ],
        [
          0,
          148
        ]
      ],
      "classification_report": {
        "No Depression": {
          "precision": 1.0,
          "recall": 1.0,
          "f1-score": 1.0,
          "support": 273.0
        },
        "Depression": {
          "precision": 1.0,
          "recall": 1.0,
          "f1-score": 1.0,
          "support": 148.0
        },
        "accuracy": 1.0,
        "macro avg": {
          "precision": 1.0,
          "recall": 1.0,
          "f1-score": 1.0,
          "support": 421.0
        },
        "weighted avg": {
          "precision": 1.0,
          "recall": 1.0,
          "f1-score": 1.0,
          "support": 421.0
        }
      },
      "class_prior": [
        0.6482142857142857,
        0.3517857142857143
      ]
    },
    "random_forest": {
      "accuracy": 0.9643705463182898,
      "f1_macro": 0.9650534762641518,
      "confusion_matrix": [
        [
          132,
          0,
          7
        ],
        [
          3,
          120,
          2
        ],
        [
          3,
          0,
          154
        ]
      ],
      "classification_report": {
        "High": {
          "precision": 0.9565217391304348,
          "recall": 0.9496402877697842,
          "f1-score": 0.9530685920577617,
          "support": 139.0
        },
        "Low": {
          "precision": 1.0,
          "recall": 0.96,
          "f1-score": 0.9795918367346939,
          "support": 125.0
        },
        "Moderate": {
          "precision": 0.9447852760736196,
          "recall": 0.9808917197452229,
          "f1-score": 0.9625,
          "support": 157.0
        },
        "accuracy": 0.9643705463182898,
        "macro avg": {
          "precision": 0.9671023384013515,
          "recall": 0.9635106691716689,
          "f1-score": 0.9650534762641518,
          "support": 421.0
        },
        "weighted avg": {
          "precision": 0.9650541807189755,
          "recall": 0.9643705463182898,
          "f1-score": 0.9644608405887545,
          "support": 421.0
        }
      },
      "feature_importances": {
        "age": 0.3529098932802185,
        "year_numeric": 0.059846100249598314,
        "gender_Female": 0.009311129964814901,
        "gender_Male": 0.009368039906531301,
        "course_Accounting": 0.005176153788367158,
        "course_Ala": 0.00020040844560693548,
        "course_Architecture": 0.0040326001752727225,
        "course_Banking Studies": 0.0,
        "course_Bcs": 0.001477823734710203,
        "course_Benl": 0.0003772284817491496,
        "course_Biomedical Science": 0.00033162766906601627,
        "course_Biotechnology": 7.30457114740676e-05,
        "course_Bit": 0.0012042339829572502,
        "course_Business Administration": 6.531672019897971e-05,
        "course_Business Analytics": 0.003965761058862145,
        "course_Business Economics": 0.004546548205696026,
        "course_Chemistry": 0.0043870768367178835,
        "course_Communication": 0.00017364165096189082,
        "course_Computer Engineering": 0.004872043013430146,
        "course_Computer Science": 0.0049002735621409685,
        "course_Cts": 0.0,
        "course_Data Science": 0.004538914064807712,
        "course_Diploma Nursing": 0.0,
        "course_Diploma Tesl": 0.00017234946516693261,
        "course_Economics": 0.004099523703367034,
        "course_Econs": 0.00011773359077225915,
        "course_Electrical & Electronic Engineering": 0.004543730306906886,
        "course_Engin": 0.00010386578034530307,
        "course_Engine": 6.281163041694791e-05,
        "course_Engineering": 0.0021184416327291256,
        "course_English": 0.004010444959472783,
        "course_Enm": 9.07134320989675e-05,
        "course_Finance": 0.002777779012626869,
        "course_Fiqh": 0.0011528531633481671,
        "course_Fiqh Fatwa": 9.383640893112209e-05,
        "course_Human Resource Management": 0.003562741752099687,
        "course_Human Resources": 0.00010447481220811018,
        "course_Human Sciences": 0.00012952164285637185,
        "course_Industrial & Production Engineering": 0.004120608722117603,
        "course_Innovation And Entrepreneurship Development": 0.0026406553386114882,
        "course_International Business": 0.004444552177856349,
        "course_Investment Management": 0.0037069769519649434,
        "course_Irkhs": 0.0002138724541937111,
        "course_Islamic Education": 0.00044835227976317775,
        "course_It": 6.868213437380661e-05,
        "course_Kenms": 0.0,
        "course_Kirkhs": 0.00027669576627118727,
        "course_Koe": 0.0006334528162030081,
        "course_Kop": 0.00020890882980273507,
        "course_Law": 0.0026470928625489452,
        "course_Laws": 9.753027493574463e-05,
        "course_Malcom": 0.00022019561750278547,
        "course_Management": 0.0034917145401180787,
        "course_Management Information Systems": 0.004529646731646012,
        "course_Marine Science": 8.547564975118175e-05,
        "course_Marketing": 0.004249433563209932,
        "course_Mathemathics": 0.0,
        "course_Mathematics": 0.0067192455143746275,
        "course_Media & Mass Communication": 0.004936196483729977,
        "course_Mhsc": 0.0002126847490321649,
        "course_Network Engineering": 0.0037485780133149397,
        "course_Nursing": 0.0001893432524079171,
        "course_Operations And Supply Chain Management": 0.004795861019476908,
        "course_Pendidikan Islam": 0.00036700988181793823,
        "course_Physics": 0.0046267086681375125,
        "course_Psychology": 0.001033985444270567,
        "course_Radiography": 9.082670213988953e-05,
        "course_Social Science": 0.003913912039526552,
        "course_Taasl": 0.00017055032962303633,
        "course_Tourism And Hospitality Management": 0.005500598691710987,
        "course_Usuluddin": 0.00027232656375114736,
        "marital_status_No": 0.007636037401410547,
        "marital_status_Yes": 0.007254420905715422,
        "depression": 0.3286746036079953,
        "anxiety": 0.040784129544901654,
        "panic": 0.03020081911144705,
        "specialist": 0.021889633567816376
      }
    }
  },
  "statistical_tests": {
    "anova_cgpa": {
      "f_stat": 15.214763831986655,
      "p_value": 2.752788372639185e-07
    },
    "chi_square_gender": {
      "chi2": 8.510074339593585,
      "p_value": 0.014192563201083225
    },
    "t_test_age_high_low": {
      "t_stat": -24.63569599052919,
      "p_value": 1.2323917118424991e-106
    }
  },
  "visualisations": [
    "C:\\3.STUDY\\msc\\COURSE\\STAT FOR AI\\Project\\outputs\\pca_clusters.png",
    "C:\\3.STUDY\\msc\\COURSE\\STAT FOR AI\\Project\\outputs\\tsne_clusters.png",
    "C:\\3.STUDY\\msc\\COURSE\\STAT FOR AI\\Project\\outputs\\boxplot_cgpa_numeric.png",
    "C:\\3.STUDY\\msc\\COURSE\\STAT FOR AI\\Project\\outputs\\boxplot_age.png",
    "C:\\3.STUDY\\msc\\COURSE\\STAT FOR AI\\Project\\outputs\\boxplot_year_numeric.png"
  ],
  "model_properties": {
    "random_state": 42,
    "data": {
      "records": 2101,
      "feature_count": 78,
      "feature_names": [
        "age",
        "year_numeric",
        "cgpa_numeric",
        "gender_Female",
        "gender_Male",
        "course_Accounting",
        "course_Ala",
        "course_Architecture",
        "course_Banking Studies",
        "course_Bcs",
        "course_Benl",
        "course_Biomedical Science",
        "course_Biotechnology",
        "course_Bit",
        "course_Business Administration",
        "course_Business Analytics",
        "course_Business Economics",
        "course_Chemistry",
        "course_Communication",
        "course_Computer Engineering",
        "course_Computer Science",
        "course_Cts",
        "course_Data Science",
        "course_Diploma Nursing",
        "course_Diploma Tesl",
        "course_Economics",
        "course_Econs",
        "course_Electrical & Electronic Engineering",
        "course_Engin",
        "course_Engine",
        "course_Engineering",
        "course_English",
        "course_Enm",
        "course_Finance",
        "course_Fiqh",
        "course_Fiqh Fatwa",
        "course_Human Resource Management",
        "course_Human Resources",
        "course_Human Sciences",
        "course_Industrial & Production Engineering",
        "course_Innovation And Entrepreneurship Development",
        "course_International Business",
        "course_Investment Management",
        "course_Irkhs",
        "course_Islamic Education",
        "course_It",
        "course_Kenms",
        "course_Kirkhs",
        "course_Koe",
        "course_Kop",
        "course_Law",
        "course_Laws",
        "course_Malcom",
        "course_Management",
        "course_Management Information Systems",
        "course_Marine Science",
        "course_Marketing",
        "course_Mathemathics",
        "course_Mathematics",
        "course_Media & Mass Communication",
        "course_Mhsc",
        "course_Network Engineering",
        "course_Nursing",
        "course_Operations And Supply Chain Management",
        "course_Pendidikan Islam",
        "course_Physics",
        "course_Psychology",
        "course_Radiography",
        "course_Social Science",
        "course_Taasl",
        "course_Tourism And Hospitality Management",
        "course_Usuluddin",
        "marital_status_No",
        "marital_status_Yes",
        "depression",
        "anxiety",
        "panic",
        "specialist"
      ]
    },
    "preprocessing": {
      "numeric_features": [
        "age",
        "year_numeric",
        "cgpa_numeric"
      ],
      "categorical_features": [
        "gender",
        "course",
        "marital_status"
      ],
      "binary_features": [
        "depression",
        "anxiety",
        "panic",
        "specialist"
      ],
      "scaler": "StandardScaler",
      "encoder": "OneHotEncoder(handle_unknown='ignore')"
    },
    "autoencoder": {
      "embedding_dim": 8,
      "epochs": 60,
      "batch_size": 64,
      "learning_rate": 0.001,
      "optimizer": "Adam",
      "loss": "MSELoss"
    },
    "clustering": {
      "method": "KMeans",
      "min_clusters": 2,
      "max_clusters": 6,
      "selection_metric": "silhouette_score"
    },
    "train_test_split": {
      "test_size": 0.2,
      "stratify": "depression"
    },
    "models": {
      "linear_regression": {
        "library": "sklearn",
        "target": "cgpa_numeric"
      },
      "naive_bayes": {
        "type": "GaussianNB"
      },
      "random_forest": {
        "params": {
          "n_estimators": 200,
          "random_state": 42,
          "class_weight": "balanced"
        },
        "target": "risk_labels"
      }
    }
  },
  "artifacts": {
    "processed_features": "C:\\3.STUDY\\msc\\COURSE\\STAT FOR AI\\Project\\outputs\\processed_features.csv",
    "risk_profiles": "C:\\3.STUDY\\msc\\COURSE\\STAT FOR AI\\Project\\outputs\\student_risk_profiles.csv",
    "embeddings": "C:\\3.STUDY\\msc\\COURSE\\STAT FOR AI\\Project\\outputs\\ssl_embeddings.csv",
    "clustering_scores": "C:\\3.STUDY\\msc\\COURSE\\STAT FOR AI\\Project\\outputs\\clustering_scores.csv",
    "performance_metrics": "C:\\3.STUDY\\msc\\COURSE\\STAT FOR AI\\Project\\outputs\\performance_metrics.csv",
    "model_results_json": "C:\\3.STUDY\\msc\\COURSE\\STAT FOR AI\\Project\\outputs\\model_results.json",
    "stats_json": "C:\\3.STUDY\\msc\\COURSE\\STAT FOR AI\\Project\\outputs\\statistical_tests.json",
    "model_properties": "C:\\3.STUDY\\msc\\COURSE\\STAT FOR AI\\Project\\outputs\\model_properties.json",
    "performance_report": "C:\\3.STUDY\\msc\\COURSE\\STAT FOR AI\\Project\\outputs\\performance_report.txt",
    "visualisations": [
      "C:\\3.STUDY\\msc\\COURSE\\STAT FOR AI\\Project\\outputs\\pca_clusters.png",
      "C:\\3.STUDY\\msc\\COURSE\\STAT FOR AI\\Project\\outputs\\tsne_clusters.png",
      "C:\\3.STUDY\\msc\\COURSE\\STAT FOR AI\\Project\\outputs\\boxplot_cgpa_numeric.png",
      "C:\\3.STUDY\\msc\\COURSE\\STAT FOR AI\\Project\\outputs\\boxplot_age.png",
      "C:\\3.STUDY\\msc\\COURSE\\STAT FOR AI\\Project\\outputs\\boxplot_year_numeric.png"
    ]
  }
}